latency_ms,status,error
374.44330006837845,422,http
374.5229998603463,422,http
374.9772999435663,422,http
374.8262000735849,422,http
377.99439998343587,422,http
726.6920001711696,422,http
361.9595000054687,422,http
362.4394000507891,422,http
381.5907998941839,422,http
387.29609991423786,422,http
831.4616999123245,422,http
839.1998000442982,422,http
840.7670001033694,422,http
845.1161000411958,422,http
844.0046000760049,422,http
846.1621999740601,422,http
845.4273999668658,422,http
847.0779999624938,422,http
849.1038999054581,422,http
856.6948999650776,422,http
713.9417000580579,422,http
362.5638000667095,422,http
363.80019993521273,422,http
383.0885000061244,422,http
378.8260999135673,422,http
430.083200102672,422,http
365.5651998706162,422,http
365.9991999156773,422,http
373.0603000149131,422,http
366.7359999381006,422,http
366.8557999189943,422,http
380.79590001143515,422,http
585.6646001338959,422,http
375.43089990504086,422,http
382.51669984310865,422,http
386.3979000598192,422,http
382.93900014832616,422,http
413.782199844718,422,http
388.79680004902184,422,http
365.46340002678335,422,http
363.59870014712214,422,http
378.20650008507073,422,http
381.0620999429375,422,http
378.01260012201965,422,http
853.9114999584854,422,http
865.3946002013981,422,http
873.306900030002,422,http
594.8254000395536,422,http
381.2506999820471,422,http
369.04779984615743,422,http
384.34999994933605,422,http
383.43569985590875,422,http
410.5220998171717,422,http
385.6374998576939,422,http
367.3199999611825,422,http
367.47179995290935,422,http
376.99400004930794,422,http
365.4829999431968,422,http
389.04540007933974,422,http
454.0425001177937,422,http
376.36470003053546,422,http
375.3319999668747,422,http
468.8441001344472,422,http
380.5435998365283,422,http
379.34770015999675,422,http
388.8069000095129,422,http
386.7667999584228,422,http
402.90969982743263,422,http
387.08480005152524,422,http
366.3794999010861,422,http
377.9223000165075,422,http
387.45050015859306,422,http
377.4798000231385,422,http
390.620700083673,422,http
440.9814001992345,422,http
380.71969989687204,422,http
375.0130000989884,422,http
450.10480005294085,422,http
378.5315998829901,422,http
374.25670004449785,422,http
389.39590007066727,422,http
389.22069990076125,422,http
397.0092998351902,422,http
387.0457001030445,422,http
375.43399981223047,422,http
376.97250000201166,422,http
391.8395999353379,422,http
391.5132998954505,422,http
395.219000056386,422,http
433.7015999481082,422,http
390.16340021044016,422,http
383.5615999996662,422,http
437.7825998235494,422,http
382.2121999692172,422,http
385.6114000082016,422,http
390.5448999721557,422,http
372.8406000882387,422,http
398.8963000010699,422,http
380.768199916929,422,http
390.2318999171257,422,http
382.79550010338426,422,http
386.1417998559773,422,http
384.0014000888914,422,http
379.8955997917801,422,http
418.58140006661415,422,http
393.37579999119043,422,http
389.0868001617491,422,http
426.59470019862056,422,http
385.56209998205304,422,http
383.2895001396537,422,http
385.6313999276608,422,http
391.27580006606877,422,http
372.71380005404353,422,http
387.6073998399079,422,http
392.51839998178184,422,http
367.17210011556745,422,http
377.1563000045717,422,http
381.2903999350965,422,http
379.8304998781532,422,http
394.2837999202311,422,http
395.206400193274,422,http
388.8773999642581,422,http
409.6752000041306,422,http
384.8979000467807,422,http
388.0944000557065,422,http
388.256800128147,422,http
388.14799999818206,422,http
378.8663998711854,422,http
374.58950001746416,422,http
397.4683000706136,422,http
363.0103000905365,422,http
383.8325999677181,422,http
363.40990010648966,422,http
401.3390999753028,422,http
394.26600001752377,422,http
395.8221999928355,422,http
387.4041000381112,422,http
408.26749987900257,422,http
383.7038001511246,422,http
389.25729994662106,422,http
390.469100093469,422,http
387.30980013497174,422,http
373.86030005291104,422,http
378.59520013444126,422,http
393.47310015000403,422,http
374.29670011624694,422,http
384.49180009774864,422,http
383.6089000105858,422,http
377.19099991954863,422,http
390.6912999227643,422,http
397.5802001077682,422,http
387.4303000047803,422,http
405.82689992152154,422,http
380.6524998508394,422,http
389.2077999189496,422,http
389.92480002343655,422,http
363.4637000504881,422,http
385.5528000276536,422,http
379.58030006848276,422,http
391.1429999861866,422,http
374.22239989973605,422,http
386.75309997051954,422,http
376.73770007677376,422,http
377.43170000612736,422,http
391.3070000708103,422,http
397.03130000270903,422,http
381.7199000623077,422,http
404.95299990288913,422,http
381.5788000356406,422,http
391.34619990363717,422,http
393.21820018813014,422,http
385.7975001446903,422,http
372.94010003097355,422,http
389.8722000885755,422,http
395.28930000960827,422,http
384.5873000100255,422,http
373.6250998917967,422,http
388.9093999750912,422,http
386.749500175938,422,http
393.57750001363456,422,http
395.98280005156994,422,http
382.3672002181411,422,http
406.61720000207424,422,http
363.36760013364255,422,http
412.4495000578463,422,http
392.6474000327289,422,http
385.27870015241206,422,http
382.34679982997477,422,http
375.99550001323223,422,http
404.7675000037998,422,http
381.31650001741946,422,http
375.4575001075864,422,http
388.3424000814557,422,http
385.9195997938514,422,http
385.58020000346005,422,http
398.330399999395,422,http
389.6427999716252,422,http
404.86889984458685,422,http
386.10699982382357,422,http
387.3006999492645,422,http
394.2610998637974,422,http
389.6133000962436,422,http
379.51790005899966,422,http
376.61140016280115,422,http
364.2597000580281,422,http
402.94480021111667,422,http
378.79529991187155,422,http
386.4554001484066,422,http
368.6492999549955,422,http
388.5353000368923,422,http
397.53629988990724,422,http
438.26749990694225,422,http
414.9066999088973,422,http
386.1883000936359,422,http
414.1259000170976,422,http
442.1112001873553,422,http
395.2686998527497,422,http
440.60029997490346,422,http
412.7780001144856,422,http
431.03859992697835,422,http
393.2789999525994,422,http
386.3892999943346,422,http
442.6180999726057,422,http
395.4267001245171,422,http
426.3226001057774,422,http
410.77429987490177,422,http
436.97649985551834,422,http
368.3241999242455,422,http
384.4497997779399,422,http
454.2131000198424,422,http
393.7016997952014,422,http
394.1081000957638,422,http
432.2822999674827,422,http
376.5259999781847,422,http
377.6189999189228,422,http
393.15730007365346,422,http
386.90209994092584,422,http
435.90010004118085,422,http
369.7644998319447,422,http
383.21600016206503,422,http
391.568899853155,422,http
445.32219995744526,422,http
383.8254001457244,422,http
379.06299997121096,422,http
429.8777000512928,422,http
389.2113999463618,422,http
388.28620011918247,422,http
410.93230014666915,422,http
385.4316999204457,422,http
380.9978999197483,422,http
387.00519991107285,422,http
388.0741000175476,422,http
425.486900145188,422,http
383.85479990392923,422,http
390.43319993652403,422,http
368.84659994393587,422,http
407.29510015808046,422,http
382.7269999310374,422,http
372.33980000019073,422,http
417.81249991618097,422,http
386.9768001604825,422,http
390.61859995126724,422,http
380.6167000439018,422,http
388.3060000371188,422,http
379.85430005937815,422,http
380.00050000846386,422,http
385.10289997793734,422,http
396.9296000432223,422,http
385.91279997490346,422,http
366.36029998771846,422,http
367.40350001491606,422,http
420.21190002560616,422,http
385.5522000230849,422,http
372.5237001199275,422,http
421.0026999935508,422,http
386.9807000737637,422,http
390.4178999364376,422,http
376.3802999164909,422,http
392.68749998882413,422,http
388.64330016076565,422,http
387.75240001268685,422,http
363.37450006976724,422,http
389.9149999488145,422,http
379.7760000452399,422,http
385.1991998963058,422,http
376.5863000880927,422,http
396.02519990876317,422,http
382.3622998315841,422,http
374.4783999864012,422,http
423.2967998832464,422,http
386.2269001547247,422,http
393.6928000766784,422,http
375.3069001249969,422,http
397.4115001037717,422,http
388.10819992795587,422,http
380.05860010161996,422,http
366.5783000178635,422,http
387.48229993507266,422,http
384.30210016667843,422,http
390.17240004613996,422,http
377.6980999391526,422,http
386.25429989770055,422,http
384.46219987235963,422,http
373.8440000452101,422,http
421.0016999859363,422,http
382.32189998961985,422,http
392.9403000511229,422,http
386.41899987123907,422,http
401.7362000886351,422,http
386.02679991163313,422,http
383.68169986642897,422,http
380.1778999622911,422,http
381.97169988416135,422,http
383.9193000458181,422,http
389.51279991306365,422,http
379.0734000504017,422,http
382.57259991951287,422,http
383.07150010950863,422,http
383.8963999878615,422,http
423.77619980834424,422,http
377.88929999805987,422,http
394.92789981886744,422,http
382.8299001324922,422,http
389.7303999401629,422,http
381.5719000995159,422,http
386.6461000870913,422,http
386.47260004654527,422,http
386.52030006051064,422,http
382.4839999433607,422,http
390.940000070259,422,http
379.11179987713695,422,http
385.6498999521136,422,http
380.79160009510815,422,http
376.6331998631358,422,http
410.7603000011295,422,http
387.83939997665584,422,http
397.8258001152426,422,http
378.9528999477625,422,http
392.8340000566095,422,http
388.3913999889046,422,http
390.28419996611774,422,http
385.99430001340806,422,http
377.07570008933544,422,http
374.73749998025596,422,http
396.567199844867,422,http
386.06039993464947,422,http
385.76480001211166,422,http
376.47809996269643,422,http
382.2498000226915,422,http
415.8925998490304,422,http
388.83520010858774,422,http
389.6439000964165,422,http
360.94640009105206,422,http
414.98039988800883,422,http
389.42539994604886,422,http
382.3301000520587,422,http
387.2678999323398,422,http
383.49849986843765,422,http
381.42889994196594,422,http
386.909699998796,422,http
383.37609986774623,422,http
370.06319989450276,422,http
388.60599999316037,422,http
381.6221999004483,422,http
411.56550007872283,422,http
382.0057997945696,422,http
392.0032000169158,422,http
375.28189993463457,422,http
397.12240011431277,422,http
387.9348998889327,422,http
384.45549993775785,422,http
388.9126998838037,422,http
383.77900002524257,422,http
385.9379000496119,422,http
389.92139999754727,422,http
387.142599793151,422,http
389.3091999925673,422,http
362.3679999727756,422,http
385.7396000530571,422,http
413.440499920398,422,http
384.2336998786777,422,http
396.3462000247091,422,http
392.7190999966115,422,http
400.5698999390006,422,http
386.5424001123756,422,http
392.87379989400506,422,http
384.031199850142,422,http
385.3869999293238,422,http
381.2492999713868,422,http
388.1714998278767,422,http
363.6570000089705,422,http
400.2179999370128,422,http
375.47149998135865,422,http
381.92340009845793,422,http
414.35209987685084,422,http
382.7293999493122,422,http
397.76249998249114,422,http
388.06660007685423,422,http
386.65810017846525,422,http
383.8102000299841,422,http
396.32299984805286,422,http
384.7127999179065,422,http
387.53020018339157,422,http
388.2245998829603,422,http
393.7810999341309,422,http
392.1696001198143,422,http
382.4736000970006,422,http
373.8574997987598,422,http
366.25800002366304,422,http
416.9580000452697,422,http
387.01330008916557,422,http
399.3713001254946,422,http
385.0365001708269,422,http
395.253200083971,422,http
385.9596000984311,422,http
397.5794999860227,422,http
384.36420005746186,422,http
387.0597998611629,422,http
388.9424002263695,422,http
390.2143999002874,422,http
390.9573999699205,422,http
363.7536000460386,422,http
381.4558999147266,422,http
390.02780010923743,422,http
419.64489989914,422,http
384.89339989610016,422,http
395.93890006653965,422,http
384.7094001248479,422,http
398.6444000620395,422,http
382.8594000078738,422,http
393.1669001467526,422,http
392.2367000486702,422,http
386.89270010218024,422,http
385.81110001541674,422,http
389.8071001749486,422,http
385.046900017187,422,http
373.46399994567037,422,http
374.7483999468386,422,http
387.6163999084383,422,http
397.89710007607937,422,http
382.2987999301404,422,http
397.7220000233501,422,http
382.53109995275736,422,http
396.45660016685724,422,http
386.69009995646775,422,http
396.40609989874065,422,http
390.5906998552382,422,http
382.1420001331717,422,http
385.30880003236234,422,http
389.04909999109805,422,http
386.83989993296564,422,http
382.2821001522243,422,http
384.2295999638736,422,http
394.3037998396903,422,http
391.2909000646323,422,http
383.8202999904752,422,http
397.7248000446707,422,http
386.0082000028342,422,http
396.386600099504,422,http
384.7485000733286,422,http
389.9375000037253,422,http
385.1489000953734,422,http
379.1185999289155,422,http
384.1047000605613,422,http
388.03740008734167,422,http
385.2212999481708,422,http
379.6696001663804,422,http
373.2694999780506,422,http
369.9085998814553,422,http
390.43950010091066,422,http
381.452500121668,422,http
395.9410998504609,422,http
384.6651001367718,422,http
392.0623001176864,422,http
384.0055000036955,422,http
389.9391999002546,422,http
384.8495001439005,422,http
388.5255998466164,422,http
382.77780008502305,422,http
387.52049999311566,422,http
384.5955999568105,422,http
385.97619999200106,422,http
381.92959991283715,422,http
387.1081001125276,422,http
388.4451000485569,422,http
380.92339993454516,422,http
399.74329993128777,422,http
381.7323998082429,422,http
398.94929993897676,422,http
381.60250009968877,422,http
391.6578001808375,422,http
387.7324000932276,422,http
392.1880000270903,422,http
383.701000129804,422,http
392.82639999873936,422,http
394.0528999082744,422,http
387.70710001699626,422,http
385.78810007311404,422,http
388.64480005577207,422,http
388.16280011087656,422,http
390.38420002907515,422,http
403.0437998007983,422,http
386.89379999414086,422,http
402.54290006123483,422,http
377.5677001103759,422,http
398.84809986688197,422,http
386.84840011410415,422,http
392.35769980587065,422,http
386.7139001376927,422,http
384.94840008206666,422,http
392.061399994418,422,http
378.60829988494515,422,http
383.64479993470013,422,http
383.8754000607878,422,http
382.4447998777032,422,http
379.35429997742176,422,http
395.5707000568509,422,http
381.21469994075596,422,http
396.5687998570502,422,http
373.30479989759624,422,http
400.459400145337,422,http
387.43350002914667,422,http
393.43419997021556,422,http
386.17119984701276,422,http
387.9486999940127,422,http
390.901800012216,422,http
386.9719000067562,422,http
382.1664999704808,422,http
382.6508999336511,422,http
384.38470009714365,422,http
384.5255000051111,422,http
393.0047999601811,422,http
360.71530007757246,422,http
420.1925001107156,422,http
372.6718001998961,422,http
403.2421999145299,422,http
388.3970999158919,422,http
388.40489997528493,422,http
384.2533999122679,422,http
397.67550001852214,422,http
409.52039998956025,422,http
416.3323000539094,422,http
422.7366999257356,422,http
411.0739999450743,422,http
478.76530000939965,422,http
457.1827999316156,422,http
437.1940998826176,422,http
475.63469992019236,422,http
470.31960007734597,422,http
510.4148001410067,422,http
460.04600008018315,422,http
443.91710008494556,422,http
466.99900017119944,422,http
418.4483999852091,422,http
465.7734001521021,422,http
458.43939995393157,422,http
435.57919980958104,422,http
407.46429981663823,422,http
393.3580999728292,422,http
450.2726998180151,422,http
388.9492000453174,422,http
369.77039999328554,422,http
384.0925998520106,422,http
455.55569999851286,422,http
360.83279992453754,422,http
365.8277001231909,422,http
396.81220008060336,422,http
363.35050011985004,422,http
415.1254999451339,422,http
384.09110018983483,422,http
430.38280005566776,422,http
375.599900027737,422,http
362.3391001019627,422,http
376.1590998619795,422,http
416.4705998264253,422,http
386.48889982141554,422,http
365.2596001047641,422,http
376.17709999904037,422,http
427.25179996341467,422,http
363.2187000475824,422,http
365.35070021636784,422,http
380.33100008033216,422,http
405.93359991908073,422,http
363.7190000154078,422,http
380.74309984222054,422,http
434.2663998249918,422,http
364.67180005274713,422,http
364.6021999884397,422,http
370.3360001090914,422,http
418.836000142619,422,http
384.1476999223232,422,http
363.09690005145967,422,http
387.52450002357364,422,http
363.45730000175536,422,http
432.93350003659725,422,http
373.78000002354383,422,http
384.25079989247024,422,http
418.11169986613095,422,http
361.2227002158761,422,http
385.7291000895202,422,http
432.74489999748766,422,http
364.7390999831259,422,http
385.0155998952687,422,http
377.47130007483065,422,http
431.5200001001358,422,http
378.48209985531867,422,http
373.81010013632476,422,http
385.89260005392134,422,http
428.5456999205053,422,http
362.42589983157814,422,http
368.7726999633014,422,http
378.8850998971611,422,http
413.84469997137785,422,http
364.13099989295006,422,http
384.7771000582725,422,http
424.9187000095844,422,http
379.9828998744488,422,http
386.18430006317794,422,http
373.3008000999689,422,http
404.84389988705516,422,http
373.3246000483632,422,http
379.7134000342339,422,http
385.20210003480315,422,http
418.02919982001185,422,http
376.9924999214709,422,http
377.84690014086664,422,http
387.7951998729259,422,http
410.39249999448657,422,http
363.6683998629451,422,http
386.18659996427596,422,http
420.08670000359416,422,http
385.10759989731014,422,http
365.20930007100105,422,http
374.5194000657648,422,http
395.2865998726338,422,http
359.57289999350905,422,http
398.48989993333817,422,http
382.7392999082804,422,http
418.1929000187665,422,http
380.2277999930084,422,http
376.63400010205805,422,http
378.58229991979897,422,http
400.14999988488853,422,http
381.45430013537407,422,http
390.6998001039028,422,http
415.68450001068413,422,http
388.4725000243634,422,http
379.0384999010712,422,http
375.8175999391824,422,http
405.6391001213342,422,http
370.3574000392109,422,http
384.4461999833584,422,http
383.64479993470013,422,http
418.24560007080436,422,http
381.7272998858243,422,http
376.9992000889033,422,http
375.143300043419,422,http
397.227699868381,422,http
381.75050006248057,422,http
376.9197999499738,422,http
409.46369990706444,422,http
388.8634000904858,422,http
387.8269998822361,422,http
383.82510002702475,422,http
387.404500041157,422,http
379.8747998662293,422,http
384.92159987799823,422,http
384.1746000107378,422,http
416.9821999967098,422,http
383.71820002794266,422,http
383.8111001532525,422,http
384.61990002542734,422,http
386.7428000085056,422,http
385.9094998333603,422,http
387.34219991602004,422,http
407.1504999883473,422,http
392.45259994640946,422,http
391.9660998508334,422,http
384.9365001078695,422,http
384.38980001956224,422,http
381.8858000449836,422,http
386.88379991799593,422,http
390.5680999159813,422,http
416.2871001753956,422,http
389.9191999807954,422,http
384.64509998448193,422,http
384.72649990580976,422,http
387.64140009880066,422,http
385.2806000504643,422,http
390.3497999999672,422,http
393.376599997282,422,http
390.5904998537153,422,http
391.26010006293654,422,http
385.060700122267,422,http
382.3752000462264,422,http
381.69430010020733,422,http
387.50429986976087,422,http
381.5631000325084,422,http
410.66589998081326,422,http
426.20959994383156,422,http
395.8921998273581,422,http
382.9757999628782,422,http
383.8398000225425,422,http
426.58680002205074,422,http
413.6214000172913,422,http
386.18350005708635,422,http
392.49549992382526,422,http
394.2172999959439,422,http
386.8627999909222,422,http
379.9558999016881,422,http
373.58160014264286,422,http
381.53379992581904,422,http
414.7246000356972,422,http
418.33979985676706,422,http
426.70720000751317,422,http
363.66320005618036,422,http
385.55270014330745,422,http
382.05250003375113,422,http
421.4367000386119,422,http
384.5279000233859,422,http
386.56649994663894,422,http
394.43380013108253,422,http
396.3209001813084,422,http
384.6561999525875,422,http
363.8310001697391,422,http
388.1775999907404,422,http
412.67729992978275,422,http
362.5207000877708,422,http
384.74270002916455,422,http
428.7012000568211,422,http
381.38319994322956,422,http
391.41010004095733,422,http
385.49200003035367,422,http
430.2713999059051,422,http
394.67139984481037,422,http
368.6701999977231,422,http
364.783399971202,422,http
408.1242000684142,422,http
384.3596000224352,422,http
383.3089000545442,422,http
375.08260016329587,422,http
415.133300004527,422,http
381.2702000141144,422,http
383.4845998790115,422,http
425.6118000485003,422,http
385.6217998545617,422,http
375.6963999476284,422,http
379.91510005667806,422,http
401.8373000435531,422,http
387.9110999405384,422,http
365.8704999834299,422,http
362.2206000145525,422,http
400.0206000637263,422,http
385.8963001985103,422,http
382.8899001237005,422,http
372.50329996459186,422,http
423.8358000293374,422,http
383.1466999836266,422,http
376.28239998593926,422,http
432.99630004912615,422,http
390.99099999293685,422,http
378.60729987733066,422,http
382.38320010714233,422,http
408.05299999192357,422,http
389.18570009991527,422,http
375.6695999763906,422,http
384.3216998502612,422,http
399.81359988451004,422,http
386.28960005007684,422,http
384.92850004695356,422,http
386.3556000869721,422,http
397.99219998531044,422,http
383.60599987208843,422,http
379.17109997943044,422,http
413.2912000641227,422,http
389.1580000054091,422,http
386.9103000033647,422,http
391.47339994087815,422,http
399.22020002268255,422,http
382.44260009378195,422,http
389.12940002046525,422,http
391.44839998334646,422,http
388.4503999724984,422,http
386.66710001416504,422,http
385.47140010632575,422,http
384.76950000040233,422,http
400.88119986467063,422,http
389.5460998173803,422,http
376.767500070855,422,http
415.66509986296296,422,http
391.2083001341671,422,http
386.05750002898276,422,http
385.21900004707277,422,http
385.8179000671953,422,http
390.150299994275,422,http
405.6517998687923,422,http
410.4253000114113,422,http
454.8034002073109,422,http
476.01599991321564,422,http
456.22589997947216,422,http
453.04780011065304,422,http
484.0796000789851,422,http
461.87679981812835,422,http
489.83460012823343,422,http
484.6944999881089,422,http
462.10050000809133,422,http
439.8642999585718,422,http
697.3719999659806,422,http
465.31250001862645,422,http
482.1061999537051,422,http
419.0100999549031,422,http
455.8264999650419,422,http
426.4179999008775,422,http
405.2972998470068,422,http
382.0095998235047,422,http
395.81450005061924,422,http
433.3182000555098,422,http
381.8727000616491,422,http
408.78330008126795,422,http
417.03899996355176,422,http
369.60069998167455,422,http
389.79830010794103,422,http
406.2554999254644,422,http
388.6663999874145,422,http
402.9934999998659,422,http
371.91740004345775,422,http
382.5091999024153,422,http
406.8433998618275,422,http
403.3325999043882,422,http
389.0213000122458,422,http
383.2251999992877,422,http
435.00409997068346,422,http
388.2341000717133,422,http
389.7464999463409,422,http
414.18900014832616,422,http
379.0786999743432,422,http
387.3028999660164,422,http
381.52180006727576,422,http
386.0543000046164,422,http
387.1406000107527,422,http
373.5517000313848,422,http
382.40560004487634,422,http
386.96080003865063,422,http
398.18009990267456,422,http
384.7312999423593,422,http
383.59340000897646,422,http
415.21720006130636,422,http
381.00440008565784,422,http
382.21980002708733,422,http
408.8403999339789,422,http
383.5678999312222,422,http
360.7739000581205,422,http
383.57879989780486,422,http
387.6140001229942,422,http
361.2152000423521,422,http
402.32260012999177,422,http
367.6736999768764,422,http
388.7831000611186,422,http
396.84779988601804,422,http
382.6762998942286,422,http
385.1881001610309,422,http
414.3747000489384,422,http
383.5064999293536,422,http
388.83200008422136,422,http
411.7630999535322,422,http
389.1951001714915,422,http
384.0158001985401,422,http
384.8995000589639,422,http
383.188399951905,422,http
385.18540002405643,422,http
379.75939991883934,422,http
364.28860016167164,422,http
388.7855999637395,422,http
392.7549999207258,422,http
382.283000042662,422,http
387.1132000349462,422,http
413.15230005420744,422,http
376.783300191164,422,http
390.96900005824864,422,http
409.1809999663383,422,http
383.00269981846213,422,http
360.91229994781315,422,http
364.3666999414563,422,http
401.7034999560565,422,http
382.1085998788476,422,http
383.32849997095764,422,http
387.2978000435978,422,http
387.17249990440905,422,http
394.20969993807375,422,http
387.95670005492866,422,http
389.6868999581784,422,http
414.4387000706047,422,http
380.3262999281287,422,http
395.79280000180006,422,http
404.3262000195682,422,http
387.1566001325846,422,http
362.41300008259714,422,http
383.9085998479277,422,http
380.97920012660325,422,http
378.90710006468,422,http
384.64020006358624,422,http
382.3120000306517,422,http
387.4679000582546,422,http
386.0560997854918,422,http
382.5707999058068,422,http
390.80179994925857,422,http
413.6636999901384,422,http
388.1131000816822,422,http
395.9875002037734,422,http
403.7397999782115,422,http
385.261100018397,422,http
380.30059984885156,422,http
387.4272999819368,422,http
389.67659999616444,422,http
378.8030000869185,422,http
385.73429989628494,422,http
389.04540007933974,422,http
389.8482001386583,422,http
382.861299905926,422,http
375.5791001021862,422,http
394.02060001157224,422,http
407.9839999321848,422,http
388.3007999975234,422,http
387.87660002708435,422,http
405.48310009762645,422,http
386.31039997562766,422,http
379.5115000102669,422,http
386.2807999830693,422,http
389.6873998455703,422,http
382.8895001206547,422,http
395.95030015334487,422,http
389.6309998817742,422,http
386.9898999109864,422,http
379.5643001794815,422,http
370.6909001339227,422,http
398.41669984161854,422,http
411.02569992654026,422,http
386.5668000653386,422,http
388.18330015055835,422,http
405.7220001704991,422,http
392.4938999116421,422,http
383.70699994266033,422,http
386.0943999607116,422,http
387.0790998917073,422,http
386.5910000167787,422,http
381.7215000744909,422,http
391.4975000079721,422,http
387.61009997688234,422,http
386.43949991092086,422,http
384.3100001104176,422,http
393.7456998974085,422,http
411.2557000480592,422,http
385.69880020804703,422,http
388.608300127089,422,http
404.92080012336373,422,http
392.3883999232203,422,http
385.9192000236362,422,http
365.2103999629617,422,http
408.80329976789653,422,http
387.14769994840026,422,http
365.9963000100106,422,http
363.1455998402089,422,http
397.9360999073833,422,http
385.70460001938045,422,http
370.1305999420583,422,http
378.60459997318685,422,http
418.19009999744594,422,http
382.6250999700278,422,http
386.8205000180751,422,http
407.59130008518696,422,http
388.5578000918031,422,http
383.5766001138836,422,http
374.39710018225014,422,http
394.02899984270334,422,http
383.53320001624525,422,http
380.7904999703169,422,http
390.465599950403,422,http
388.1749000865966,422,http
385.30430011451244,422,http
371.23829987831414,422,http
391.0002999473363,422,http
419.6486999280751,422,http
363.00760018639266,422,http
404.57309992052615,422,http
411.55069996602833,422,http
386.74410013481975,422,http
388.77429999411106,422,http
388.44819995574653,422,http
377.1456000395119,422,http
391.59699995070696,422,http
392.6819001790136,422,http
363.4147001430392,422,http
385.3205000050366,422,http
385.1503999903798,422,http
378.16309998743236,422,http
374.1003000177443,422,http
419.29330001585186,422,http
382.0112000685185,422,http
387.06510001793504,422,http
412.7619999926537,422,http
384.0842000208795,422,http
390.1184999849647,422,http
390.8099001273513,422,http
385.64260001294315,422,http
376.0472999420017,422,http
397.13230007328093,422,http
383.59769992530346,422,http
393.3281998615712,422,http
386.4393001422286,422,http
378.3015999943018,422,http
387.661499902606,422,http
422.56780015304685,422,http
381.7251001019031,422,http
391.9327000621706,422,http
414.297099923715,422,http
382.48839997686446,422,http
389.1998999752104,422,http
395.6375000998378,422,http
379.4291999656707,422,http
374.90390008315444,422,http
390.4192999470979,422,http
395.55470016784966,422,http
367.86639993079007,422,http
390.2704999782145,422,http
379.5290000271052,422,http
394.75219999440014,422,http
413.1063998211175,422,http
446.44640013575554,422,http
432.37999989651144,422,http
411.73649998381734,422,http
426.9310999661684,422,http
449.73059999756515,422,http
401.35299996472895,422,http
378.0288000125438,422,http
430.07150012999773,422,http
415.0169000495225,422,http
395.9352998062968,422,http
440.30160014517605,422,http
429.0825000498444,422,http
445.6883000675589,422,http
412.1267998125404,422,http
413.49789989180863,422,http
438.23510012589395,422,http
371.6857999097556,422,http
388.166599906981,422,http
438.45689995214343,422,http
362.276199972257,422,http
375.4757000133395,422,http
375.93290000222623,422,http
439.62799990549684,422,http
390.3192998841405,422,http
383.628600044176,422,http
454.07239999622107,422,http
369.97130000963807,422,http
369.9874000158161,422,http
383.19640001282096,422,http
388.18299979902804,422,http
431.1548999976367,422,http
395.27869992889464,422,http
391.51980006136,422,http
423.93509997054935,422,http
367.3956000711769,422,http
386.8221999146044,422,http
375.0690999440849,422,http
426.7633999697864,422,http
392.13380008004606,422,http
383.8476000819355,422,http
419.73279998637736,422,http
365.30429986305535,422,http
365.91960000805557,422,http
363.9251000713557,422,http
385.7213999144733,422,http
438.8941000215709,422,http
393.9418999943882,422,http
374.0651998668909,422,http
422.3844001535326,422,http
374.19390003196895,422,http
390.67230001091957,422,http
380.87780005298555,422,http
394.97989998199046,422,http
391.8985000345856,422,http
381.31879991851747,422,http
400.4057999700308,422,http
372.2866999451071,422,http
389.654700178653,422,http
375.42510009370744,422,http
375.49899984151125,422,http
411.4934999961406,422,http
401.30520006641746,422,http
392.7939999848604,422,http
396.14910003729165,422,http
379.6669999137521,422,http
388.17809987813234,422,http
379.1964999400079,422,http
387.86990009248257,422,http
398.2754999306053,422,http
385.06579981185496,422,http
403.04070012643933,422,http
393.4560001362115,422,http
384.89859993569553,422,http
375.49629993736744,422,http
366.42470001243055,422,http
398.2702000066638,422,http
401.22750005684793,422,http
387.2447998728603,422,http
394.57179978489876,422,http
387.4522999394685,422,http
388.6426000390202,422,http
385.96479990519583,422,http
389.17169999331236,422,http
400.0045000575483,422,http
382.55750015378,422,http
403.87300006113946,422,http
389.88010003231466,422,http
385.50549978390336,422,http
389.7867000196129,422,http
386.9149999227375,422,http
392.968500033021,422,http
402.43260003626347,422,http
388.90759996138513,422,http
392.15390011668205,422,http
386.5267999935895,422,http
381.2108999118209,422,http
385.17600018531084,422,http
371.8598000705242,422,http
398.26649986207485,422,http
384.8594999872148,422,http
402.48409984633327,422,http
388.98649998009205,422,http
388.5131999850273,422,http
377.57680006325245,422,http
380.75620005838573,422,http
372.92240001261234,422,http
420.02730001695454,422,http
402.6231998577714,422,http
391.5681999642402,422,http
388.8052001129836,422,http
386.7583000101149,422,http
384.4816000200808,422,http
393.128199968487,422,http
394.73389997147024,422,http
387.64930004253983,422,http
402.1556999068707,422,http
392.1745999250561,422,http
383.14069993793964,422,http
379.3224000837654,422,http
377.72949994541705,422,http
373.96480003371835,422,http
395.32620017416775,422,http
396.45400014705956,422,http
385.57000015862286,422,http
388.7802998069674,422,http
384.8934001289308,422,http
384.1530999634415,422,http
395.85660002194345,422,http
375.77009992673993,422,http
386.06059993617237,422,http
401.7258998937905,422,http
388.5650001466274,422,http
383.2324000541121,422,http
382.8185999300331,422,http
368.43549995683134,422,http
385.2490000426769,422,http
396.9429999124259,422,http
401.4047998934984,422,http
384.0620999690145,422,http
385.3323000948876,422,http
385.93129999935627,422,http
386.9068000931293,422,http
390.03059989772737,422,http
377.3764001671225,422,http
391.51349989697337,422,http
402.91070006787777,422,http
387.91400007903576,422,http
382.53799988888204,422,http
386.0317999497056,422,http
383.32080002874136,422,http
361.09210015274584,422,http
387.3789000790566,422,http
403.150400146842,422,http
380.9944000095129,422,http
384.87439998425543,422,http
388.92140006646514,422,http
389.0353001188487,422,http
386.1545999534428,422,http
389.27630009129643,422,http
386.9155999273062,422,http
396.04729996062815,422,http
383.9051998220384,422,http
383.3091000560671,422,http
390.0164000224322,422,http
362.5070000998676,422,http
383.1440000794828,422,http
386.33239991031587,422,http
407.1496999822557,422,http
377.6765998918563,422,http
385.8831999823451,422,http
389.394799945876,422,http
383.8057001121342,422,http
360.55670003406703,422,http
412.88469987921417,422,http
385.9623000025749,422,http
397.78569992631674,422,http
380.44769992120564,422,http
385.3130000643432,422,http
389.3492000643164,422,http
377.1703999955207,422,http
374.51719981618226,422,http
388.45000020228326,422,http
408.8610999751836,422,http
381.8977999035269,422,http
387.46090000495315,422,http
388.0824998486787,422,http
382.42459995672107,422,http
381.19479990564287,422,http
394.0274000633508,422,http
387.8466999158263,422,http
391.4999000262469,422,http
387.5128000508994,422,http
387.1528999879956,422,http
390.53749991580844,422,http
377.9003000818193,422,http
385.55889995768666,422,http
379.43030009046197,422,http
400.49040014855564,422,http
382.82199995592237,422,http
381.20280019938946,422,http
388.02299997769296,422,http
385.80520008690655,422,http
382.79869989492,422,http
392.42329983972013,422,http
384.71460016444325,422,http
390.7939000055194,422,http
382.5423000380397,422,http
385.7241999357939,422,http
390.92619996517897,422,http
383.75520007684827,422,http
383.8211998809129,422,http
367.67910001799464,422,http
400.68139997310936,422,http
384.1907999012619,422,http
380.62590011395514,422,http
389.70560021698475,422,http
384.6857000607997,422,http
378.115399973467,422,http
392.29099988006055,422,http
386.03310007601976,422,http
394.02850018814206,422,http
379.04309993609786,422,http
389.84779990278184,422,http
382.70819978788495,422,http
386.31949992850423,422,http
365.2800000272691,422,http
384.72319999709725,422,http
402.09760004654527,422,http
382.7583999373019,422,http
385.1715000346303,422,http
388.9231998473406,422,http
383.88350000604987,422,http
388.64969997666776,422,http
393.3804000262171,422,http
390.7994998153299,422,http
402.0507000386715,422,http
375.3447001799941,422,http
391.1549001932144,422,http
381.6477002110332,422,http
389.0776999760419,422,http
378.2991000916809,422,http
382.7418000437319,422,http
410.3329998906702,422,http
387.86629983223975,422,http
386.46319997496903,422,http
382.1166001725942,422,http
381.75519998185337,422,http
387.39589997567236,422,http
382.88410007953644,422,http
391.9184999540448,422,http
397.95010001398623,422,http
372.73419997654855,422,http
399.83000000938773,422,http
383.79950006492436,422,http
389.0075997915119,422,http
384.44819999858737,422,http
387.96480000019073,422,http
383.96860007196665,422,http
384.14389989338815,422,http
383.82080011069775,422,http
382.57270003668964,422,http
381.6871999297291,422,http
388.816200196743,422,http
383.0393000971526,422,http
396.0984998848289,422,http
397.9455998633057,422,http
374.11749991588295,422,http
383.665099972859,422,http
382.22359982319176,422,http
387.1857998892665,422,http
384.7058000974357,422,http
381.34739990346134,422,http
384.13739996030927,422,http
384.01499995961785,422,http
386.0177998431027,422,http
381.8967000115663,422,http
381.3566998578608,422,http
389.09039995633066,422,http
384.07650007866323,422,http
395.24660003371537,422,http
394.7061998769641,422,http
380.7900999672711,422,http
386.7576001212001,422,http
385.7589000836015,422,http
387.73619988933206,422,http
386.69269997626543,422,http
379.68700006604195,422,http
384.65460017323494,422,http
383.05549998767674,422,http
386.90820010378957,422,http
380.70300011895597,422,http
375.9553001727909,422,http
387.990599963814,422,http
389.32889979332685,422,http
396.9719000160694,422,http
398.53579993359745,422,http
380.6334000546485,422,http
383.9859999716282,422,http
388.3026000112295,422,http
382.5811999849975,422,http
387.14629993773997,422,http
387.9895000718534,422,http
387.2634000144899,422,http
382.9169999808073,422,http
391.1458000075072,422,http
381.414599949494,422,http
373.03440016694367,422,http
404.39660008996725,422,http
388.8296000659466,422,http
395.5469001084566,422,http
397.4288001190871,422,http
384.505899855867,422,http
384.3074000906199,422,http
386.291999835521,422,http
385.68289997056127,422,http
386.71109988354146,422,http
386.7846999783069,422,http
393.5977998189628,422,http
396.0095001384616,422,http
395.2505001798272,422,http
385.3790001012385,422,http
388.39680003002286,422,http
388.55840009637177,422,http
397.74890011176467,422,http
404.0086998138577,422,http
401.0731000453234,422,http
386.71599980443716,422,http
386.7810999508947,422,http
388.4129000362009,422,http
388.9876001048833,422,http
389.9285001680255,422,http
387.8287000115961,422,http
392.19440007582307,422,http
384.28180012851954,422,http
380.88289997540414,422,http
379.6985000371933,422,http
380.83579996600747,422,http
385.11430006474257,422,http
386.55370008200407,422,http
395.72189981117845,422,http
394.99850012362003,422,http
377.69840005785227,422,http
380.9264001902193,422,http
363.24280011467636,422,http
406.4412999432534,422,http
384.80290002189577,422,http
380.76009997166693,422,http
393.5748999938369,422,http
385.34440007060766,422,http
376.96880009025335,422,http
381.5321000292897,422,http
387.124199885875,422,http
384.97689994983375,422,http
390.40080015547574,422,http
399.5646999683231,422,http
395.2808999456465,422,http
373.0135001242161,422,http
388.810700038448,422,http
386.1980000510812,422,http
385.15860005281866,422,http
381.21050014160573,422,http
386.47340005263686,422,http
393.7854999676347,422,http
381.65809982456267,422,http
379.1795999277383,422,http
387.873400002718,422,http
381.5554999746382,422,http
376.37780001387,422,http
389.90710000507534,422,http
397.07549987360835,422,http
394.0908999647945,422,http
381.07909983955324,422,http
395.9574999753386,422,http
390.24519990198314,422,http
385.22449997253716,422,http
380.06470003165305,422,http
388.4137000422925,422,http
389.5577001385391,422,http
381.44270004704595,422,http
380.54869999177754,422,http
386.63049996830523,422,http
375.4622999113053,422,http
390.44010010547936,422,http
391.82360004633665,422,http
399.96790001168847,422,http
395.40759986266494,422,http
378.37839988060296,422,http
386.6771999746561,422,http
389.6600001025945,422,http
382.31620006263256,422,http
383.72160005383193,422,http
390.7967999111861,422,http
392.82530010677874,422,http
386.9457000400871,422,http
380.68360020406544,422,http
388.990200124681,422,http
389.6560000721365,422,http
383.90300003811717,422,http
396.44469995982945,422,http
401.44059993326664,422,http
392.97619997523725,422,http
382.1610000450164,422,http
388.90929985791445,422,http
388.5944001376629,422,http
380.41430013254285,422,http
385.1243001408875,422,http
387.70099985413253,422,http
390.9683998208493,422,http
382.36639997921884,422,http
389.3134000245482,422,http
389.164499938488,422,http
386.9800998363644,422,http
382.5521001126617,422,http
378.1064001377672,422,http
413.98510010913014,422,http
394.50199995189905,422,http
379.3541002087295,422,http
382.59080005809665,422,http
387.05029990524054,422,http
381.9701001048088,422,http
382.8242002055049,422,http
378.5654997918755,422,http
389.50190017931163,422,http
381.22039986774325,422,http
391.45779982209206,422,http
386.400300078094,422,http
384.8680001683533,422,http
381.4948999788612,422,http
391.9903999194503,422,http
389.0428999438882,422,http
395.53460013121367,422,http
374.3366999551654,422,http
384.65770008042455,422,http
391.72059996053576,422,http
383.1344998907298,422,http
381.3225000631064,422,http
380.60640008188784,422,http
392.8730001207441,422,http
386.04349992237985,422,http
395.0356000568718,422,http
388.2867000065744,422,http
374.9249998945743,422,http
391.2521998863667,422,http
394.17870016768575,422,http
390.75760007835925,422,http
392.84450002014637,422,http
373.38209990411997,422,http
397.55190000869334,422,http
393.55230005458,422,http
379.54250001348555,422,http
386.493599973619,422,http
386.0665999818593,422,http
393.4607000555843,422,http
381.73130014911294,422,http
391.4425999391824,422,http
388.2157998159528,422,http
382.23490002565086,422,http
383.1836001481861,422,http
403.7933999206871,422,http
391.26969990320504,422,http
390.50500001758337,422,http
378.6427001468837,422,http
387.80810008756816,422,http
394.9452000670135,422,http
378.2115001231432,422,http
382.8567999880761,422,http
380.8598001487553,422,http
389.3846001010388,422,http
380.17149991355836,422,http
393.4218001086265,422,http
389.69160011038184,422,http
378.7923001218587,422,http
389.8465000092983,422,http
387.1817998588085,422,http
390.4260001145303,422,http
390.4808000661433,422,http
378.58979986049235,422,http
391.3116999901831,422,http
362.4068999197334,422,http
398.49799987860024,422,http
381.8121999502182,422,http
385.33289986662567,422,http
388.21220002137125,422,http
391.1234999541193,422,http
394.3150001578033,422,http
389.39269981347024,422,http
383.5038999095559,422,http
393.5759000014514,422,http
388.8327998574823,422,http
387.7661000005901,422,http
389.48610005900264,422,http
385.91319997794926,422,http
390.7943000085652,422,http
384.9155998323113,422,http
378.7770001217723,422,http
381.69050007127225,422,http
389.3317999318242,422,http
391.11600001342595,422,http
389.36179992742836,422,http
383.47220001742244,422,http
387.79349997639656,422,http
381.3757998868823,422,http
385.1791999768466,422,http
392.44700013659894,422,http
389.7860001306981,422,http
387.20500003546476,422,http
382.9610999673605,422,http
382.8767000231892,422,http
387.74490007199347,422,http
387.13139994069934,422,http
388.1369000300765,422,http
393.2386999949813,422,http
387.47530011460185,422,http
388.5410998482257,422,http
389.79330006986856,422,http
387.62579998001456,422,http
383.3645998965949,422,http
387.273000087589,422,http
392.0678000431508,422,http
388.4589998051524,422,http
386.2506998702884,422,http
386.50249992497265,422,http
386.7536000907421,422,http
386.9477999396622,422,http
384.8572000861168,422,http
388.9197998214513,422,http
388.8876000419259,422,http
382.0201000198722,422,http
390.0568999815732,422,http
385.81290002912283,422,http
385.12369990348816,422,http
385.26290003210306,422,http
384.408799931407,422,http
394.6539999451488,422,http
391.3492998108268,422,http
388.1114001851529,422,http
382.68069992773235,422,http
386.3379000686109,422,http
393.5590998735279,422,http
387.63089990243316,422,http
386.2886999268085,422,http
384.1695999726653,422,http
384.4435999635607,422,http
391.5775001514703,422,http
385.523300152272,422,http
383.74199997633696,422,http
383.4361000917852,422,http
384.0272999368608,422,http
399.277999997139,422,http
389.94679995812476,422,http
384.58189996890724,422,http
372.39350005984306,422,http
385.55429992266,422,http
387.2191999107599,422,http
380.68340020254254,422,http
385.0038000382483,422,http
385.18969994038343,422,http
378.02219996228814,422,http
384.3021998181939,422,http
387.02149991877377,422,http
382.53229996189475,422,http
383.1839000340551,422,http
382.85790011286736,422,http
397.0093000680208,422,http
389.7687999997288,422,http
389.03199997730553,422,http
360.5641000904143,422,http
400.1230001449585,422,http
389.3301000352949,422,http
375.43349992483854,422,http
361.9405999779701,422,http
406.3778000418097,422,http
383.1358999013901,422,http
383.3329000044614,422,http
389.53129993751645,422,http
379.69479989260435,422,http
382.5896999333054,422,http
383.65760003216565,422,http
397.91049994528294,422,http
389.7931999526918,422,http
387.81909993849695,422,http
386.3262999802828,422,http
385.46929997392,422,http
390.72489994578063,422,http
384.927999926731,422,http
385.82700002007186,422,http
380.2130001131445,422,http
386.4442999474704,422,http
380.26850018650293,422,http
386.92810013890266,422,http
375.25869999080896,422,http
385.93490002676845,422,http
383.7445001117885,422,http
399.4382000528276,422,http
391.32749987766147,422,http
387.8584001213312,422,http
381.80359988473356,422,http
364.56240015104413,422,http
393.47240002825856,422,http
385.1011998485774,422,http
378.6134999245405,422,http
385.0792001467198,422,http
387.92619993910193,422,http
385.9057000372559,422,http
390.55090001784265,422,http
378.63529985770583,422,http
388.83640011772513,422,http
379.34329989366233,422,http
401.7078001052141,422,http
394.48060002177954,422,http
393.01849994808435,422,http
381.84439996257424,422,http
371.62009999156,422,http
399.34889995492995,422,http
392.3296998254955,422,http
382.3227998800576,422,http
382.5181999709457,422,http
385.78020012937486,422,http
385.6677000876516,422,http
382.7681001275778,422,http
380.15399989672005,422,http
388.9397999737412,422,http
385.39219996891916,422,http
404.61029997095466,422,http
394.88439983688295,422,http
390.3932999819517,422,http
382.5679998844862,422,http
385.5711999349296,422,http
399.18569987639785,422,http
391.4261001627892,422,http
385.36570011638105,422,http
389.0724000521004,422,http
388.57750012539327,422,http
385.9777001198381,422,http
384.3648999463767,422,http
380.39500010199845,422,http
383.84529994800687,422,http
387.54400005564094,422,http
399.1337998304516,422,http
394.03560012578964,422,http
389.19889996759593,422,http
380.3687000181526,422,http
384.456800064072,422,http
388.4598999284208,422,http
390.2706999797374,422,http
381.1263998504728,422,http
386.1972000449896,422,http
386.8211000226438,422,http
381.7957998253405,422,http
384.5322001725435,422,http
381.7650000564754,422,http
381.4787999726832,422,http
385.216600028798,422,http
398.80000008270144,422,http
392.63870008289814,422,http
392.00930017977953,422,http
377.33659986406565,422,http
386.56489993445575,422,http
383.3180998917669,422,http
385.7878998387605,422,http
389.00809991173446,422,http
388.69270007126033,422,http
388.7609001249075,422,http
371.127599850297,422,http
399.0038000047207,422,http
378.8101999089122,422,http
377.7005998417735,422,http
385.4638999328017,422,http
400.62809991650283,422,http
393.2470001745969,422,http
394.39409994520247,422,http
376.9185000564903,422,http
387.80239992775023,422,http
384.6293000970036,422,http
385.172100039199,422,http
386.151900049299,422,http
384.1488000471145,422,http
392.2496000304818,422,http
388.21629993617535,422,http
389.0839000232518,422,http
386.68460003100336,422,http
382.5651998631656,422,http
387.804500060156,422,http
403.9519000798464,422,http
394.606800051406,422,http
393.6593998223543,422,http
393.4017000719905,422,http
389.03039996512234,422,http
387.79229996725917,422,http
385.7607999816537,422,http
391.2516999989748,422,http
389.2902999650687,422,http
397.0832999330014,422,http
383.4379001054913,422,http
366.6381000075489,422,http
385.39810013026,422,http
375.91729988344014,422,http
383.82550003007054,422,http
410.14300007373095,422,http
395.3648000024259,422,http
395.2033999375999,422,http
388.00040003843606,422,http
383.8088000193238,422,http
389.38020006753504,422,http
382.277499884367,422,http
388.1145999766886,422,http
381.9690002128482,422,http
398.4381000045687,422,http
379.0260998066515,422,http
382.78699992224574,422,http
376.1646000202745,422,http
386.3162000197917,422,http
385.8807999640703,422,http
410.9348999336362,422,http
390.3221001382917,422,http
393.3308001141995,422,http
384.24409995786846,422,http
388.42299999669194,422,http
387.1122000273317,422,http
386.9495999533683,422,http
389.9216998834163,422,http
382.7134999446571,422,http
401.32750011980534,422,http
388.18480004556477,422,http
386.5568998735398,422,http
385.41330001316965,422,http
385.6567000038922,422,http
386.81509997695684,422,http
408.0646999645978,422,http
394.8715999722481,422,http
396.4639001060277,422,http
382.1056999731809,422,http
393.32680008374155,422,http
391.582400072366,422,http
379.0303999558091,422,http
399.1765999235213,422,http
394.2587999626994,422,http
407.02029992826283,422,http
394.32820002548397,422,http
379.5964999590069,422,http
394.39929998479784,422,http
376.9160001538694,422,http
379.0212001185864,422,http
401.07890008948743,422,http
397.93220022693276,422,http
393.06509983725846,422,http
375.75200013816357,422,http
393.197099911049,422,http
387.48709997162223,422,http
389.0197000000626,422,http
380.40909986011684,422,http
394.10799997858703,422,http
399.4378999341279,422,http
388.566899811849,422,http
384.9764000624418,422,http
384.1852000914514,422,http
385.25029993616045,422,http
387.72740005515516,422,http
401.14440000616014,422,http
396.4974000118673,422,http
390.402200166136,422,http
371.4733000379056,422,http
393.6258000321686,422,http
388.8940999750048,422,http
387.64710002578795,422,http
386.17089996114373,422,http
380.584399914369,422,http
403.5175999160856,422,http
385.2796000428498,422,http
385.56359987705946,422,http
384.39049990847707,422,http
364.0387000050396,422,http
379.7480999492109,422,http
393.20369996130466,422,http
395.5252000596374,422,http
393.0673999711871,422,http
382.44080008007586,422,http
396.3740000035614,422,http
390.7343000173569,422,http
387.7171999774873,422,http
388.2249998860061,422,http
382.8804998192936,422,http
394.47330008260906,422,http
381.9207001943141,422,http
384.61340009234846,422,http
384.66010009869933,422,http
381.47139991633594,422,http
377.72869993932545,422,http
391.04429981671274,422,http
394.2457002121955,422,http
390.5904998537153,422,http
376.6675000078976,422,http
383.6162998341024,422,http
393.10119999572635,422,http
385.7370999176055,422,http
389.62439983151853,422,http
381.34439988061786,422,http
392.9880000650883,422,http
381.91550015471876,422,http
386.533800046891,422,http
383.07360000908375,422,http
381.5477997995913,422,http
383.94139986485243,422,http
391.3217999506742,422,http
391.4460001979023,422,http
392.3158000689,422,http
382.84020009450614,422,http
385.31069993041456,422,http
394.95410001836717,422,http
384.74979996681213,422,http
388.1202000193298,422,http
382.31989997439086,422,http
396.7055999673903,422,http
380.0365999341011,422,http
384.8224999383092,422,http
378.51210008375347,422,http
386.6791999898851,422,http
381.2947999686003,422,http
374.36429993249476,422,http
392.9285001941025,422,http
394.45609995163977,422,http
375.8763000369072,422,http
378.7952000275254,422,http
396.8625001143664,422,http
385.7256001792848,422,http
445.15569997020066,422,http
423.2328000944108,422,http
401.97760006412864,422,http
455.7749000377953,422,http
438.8158000074327,422,http
416.16260004229844,422,http
399.421300040558,422,http
376.71760004013777,422,http
433.6282000876963,422,http
420.98210006952286,422,http
402.2619999013841,422,http
376.13600003533065,422,http
421.9202999956906,422,http
446.2335999123752,422,http
393.24730006046593,422,http
441.09239988029003,422,http
373.6395000014454,422,http
382.02699995599687,422,http
361.1969000194222,422,http
451.75340003333986,422,http
363.99620003066957,422,http
362.7128000371158,422,http
374.2460000794381,422,http
436.39850011095405,422,http
372.5441999267787,422,http
392.80649996362627,422,http
394.98390001244843,422,http
446.20699994266033,422,http
373.86579997837543,422,http
387.17449991963804,422,http
433.60250000841916,422,http
380.7270999532193,422,http
385.6067000888288,422,http
439.35639993287623,422,http
361.36560002341866,422,http
389.78329999372363,422,http
391.14629989489913,422,http
389.40979982726276,422,http
430.0575000233948,422,http
387.0282000862062,422,http
374.4592999573797,422,http
386.4223000127822,422,http
427.8951999731362,422,http
379.7446999233216,422,http
375.44440012425184,422,http
412.92959987185895,422,http
390.2331998106092,422,http
391.24389993958175,422,http
408.4763000719249,422,http
380.33630000427365,422,http
387.4484000261873,422,http
365.96810002811253,422,http
364.8643000051379,422,http
412.01620013453066,422,http
387.98359991051257,422,http
380.3238000255078,422,http
387.77499995194376,422,http
405.34569998271763,422,http
384.85129992477596,422,http
386.5893001202494,422,http
412.624399876222,422,http
391.3410999812186,422,http
384.10349981859326,422,http
404.69729993492365,422,http
388.6029999703169,422,http
366.5402000769973,422,http
390.1257999241352,422,http
386.004300089553,422,http
409.9059998989105,422,http
395.1663998886943,422,http
379.64170007035136,422,http
393.2614999357611,422,http
382.21210008487105,422,http
382.96529999934137,422,http
383.11959989368916,422,http
395.1872999314219,422,http
395.0670000631362,422,http
388.91800004057586,422,http
399.9662999995053,422,http
387.6045001670718,422,http
381.6802999936044,422,http
363.1933000870049,422,http
384.86490002833307,422,http
394.15660011582077,422,http
394.5166999474168,422,http
377.54959985613823,422,http
396.35720010846853,422,http
387.7044999971986,422,http
381.5271998755634,422,http
388.04470002651215,422,http
391.1354998126626,422,http
401.14389988593757,422,http
387.64120009727776,422,http
392.16269995085895,422,http
389.6616001147777,422,http
383.7713999673724,422,http
380.8104998897761,422,http
387.44529988616705,422,http
386.9674999732524,422,http
397.38949993625283,422,http
376.7656001728028,422,http
393.0705999955535,422,http
386.81200006976724,422,http
388.76169989816844,422,http
391.3191999308765,422,http
389.3726000096649,422,http
407.40450005978346,422,http
383.77670012414455,422,http
388.8731999322772,422,http
392.4599001184106,422,http
380.79349999316037,422,http
389.78739990852773,422,http
369.6910999715328,422,http
381.36320002377033,422,http
395.78320016153157,422,http
370.41070009581745,422,http
396.19629993103445,422,http
385.7030998915434,422,http
385.11810009367764,422,http
387.0945000089705,422,http
389.158200006932,422,http
406.26429999247193,422,http
379.2634999845177,422,http
388.5674001649022,422,http
397.92759995907545,422,http
379.1567001026124,422,http
389.7100000176579,422,http
380.6065998505801,422,http
389.25240002572536,422,http
390.88429999537766,422,http
372.8445000015199,422,http
409.18600000441074,422,http
384.20380000025034,422,http
383.8603999465704,422,http
386.9086999911815,422,http
376.8054998945445,422,http
403.77159998752177,422,http
391.76289993338287,422,http
384.83619992621243,422,http
401.2674998957664,422,http
385.4430001229048,422,http
390.4375999700278,422,http
393.51570000872016,422,http
389.84269998036325,422,http
389.62390017695725,422,http
380.329699954018,422,http
391.1331999115646,422,http
384.6998999360949,422,http
384.94680006988347,422,http
394.38710012473166,422,http
383.75059980899096,422,http
409.4873999711126,422,http
390.77920001000166,422,http
366.0773001611233,422,http
417.6153000444174,422,http
384.9239000119269,422,http
381.9756000302732,422,http
395.8540998864919,422,http
386.3230999559164,422,http
382.3323999531567,422,http
384.4375000335276,422,http
392.35249999910593,422,http
390.02280007116497,422,http
381.5162000246346,422,http
390.6241999939084,422,http
374.9398000072688,422,http
404.4164998922497,422,http
389.17140010744333,422,http
377.6779999025166,422,http
400.83829988725483,422,http
384.24369995482266,422,http
375.7962000090629,422,http
395.21749992854893,422,http
387.88229995407164,422,http
378.3998000435531,422,http
388.0441999062896,422,http
390.63979987986386,422,http
388.62890005111694,422,http
382.90329999290407,422,http
389.90120007656515,422,http
361.43280006945133,422,http
420.8738000597805,422,http
389.69739992171526,422,http
376.270700013265,422,http
403.597499942407,422,http
384.1957999393344,422,http
386.19590015150607,422,http
399.57550005055964,422,http
388.4255001321435,422,http
382.16710020788014,422,http
394.364400068298,422,http
385.2341000456363,422,http
385.7330000028014,422,http
382.2973999194801,422,http
386.62549993023276,422,http
378.99430003017187,422,http
406.025999924168,422,http
391.721400199458,422,http
380.1643999759108,422,http
401.7109000124037,422,http
386.75109995529056,422,http
385.03500004298985,422,http
387.93960004113615,422,http
388.8872000388801,422,http
378.9791001472622,422,http
387.47900002636015,422,http
386.7436998989433,422,http
361.827899934724,422,http
381.79660006426275,422,http
387.62230006977916,422,http
387.73619988933206,422,http
403.96589995361865,422,http
390.8577000256628,422,http
378.8644000887871,422,http
392.4117002170533,422,http
391.0044999793172,422,http
388.02230008877814,422,http
392.2682998236269,422,http
388.7004000134766,422,http
385.90219989418983,422,http
393.1653001345694,422,http
388.0074000917375,422,http
377.1726000122726,422,http
378.0245999805629,422,http
386.91710005514324,422,http
384.4614000990987,422,http
389.49059997685254,422,http
391.43539988435805,422,http
382.63590005226433,422,http
394.48579982854426,422,http
394.9003000743687,422,http
384.95919993147254,422,http
387.8445001319051,422,http
388.7898998800665,422,http
382.10019981488585,422,http
383.9049998205155,422,http
385.259100003168,422,http
377.1549998782575,422,http
361.9517998304218,422,http
389.0475002117455,422,http
382.57679995149374,422,http
392.86520006135106,422,http
392.73690013214946,422,http
381.33780006319284,422,http
387.78089988045394,422,http
390.88409999385476,422,http
384.56369983032346,422,http
390.2028000447899,422,http
386.70730008743703,422,http
375.9604999795556,422,http
389.91930009797215,422,http
384.60919982753694,422,http
381.8390001542866,422,http
379.10240003839135,422,http
387.8067000769079,422,http
381.99379993602633,422,http
390.4274001251906,422,http
394.1587000153959,422,http
379.2280999477953,422,http
389.43099998869,422,http
396.0916001815349,422,http
390.69929998368025,422,http
393.03190005011857,422,http
389.6177001297474,422,http
383.61450005322695,422,http
393.9900000113994,422,http
386.41409995034337,422,http
388.46789998933673,422,http
366.59509991295636,422,http
385.2967000566423,422,http
403.4927999600768,422,http
390.2658000588417,422,http
394.7817999869585,422,http
406.3258001115173,422,http
390.5164999887347,422,http
394.54040001146495,422,http
415.03979987464845,422,http
389.2187001183629,422,http
386.86149986460805,422,http
375.6715999916196,422,http
405.1065999083221,422,http
386.4595000632107,422,http
387.5363999977708,422,http
374.5097001083195,422,http
377.6344999205321,422,http
400.6948000751436,422,http
364.3489999230951,422,http
404.4294999912381,422,http
407.4381000827998,422,http
380.9774999972433,422,http
395.14639996923506,422,http
415.6732999254018,422,http
381.5138000063598,422,http
388.87999998405576,422,http
380.2841999568045,422,http
408.2806999795139,422,http
388.43849999830127,422,http
388.84389982558787,422,http
370.68419996649027,422,http
388.29969987273216,422,http
388.4967998601496,422,http
375.49269990995526,422,http
393.60979991033673,422,http
408.2994998898357,422,http
381.42949994653463,422,http
378.08499997481704,422,http
417.7375000435859,422,http
387.3024000786245,422,http
366.2417000159621,422,http
382.46010011062026,422,http
407.4200000613928,422,http
390.18680015578866,422,http
382.0398999378085,422,http
376.2076001148671,422,http
391.9440000317991,422,http
381.9152000360191,422,http
383.74499999918044,422,http
393.33359990268946,422,http
406.82619996368885,422,http
384.57260001450777,422,http
379.1688000783324,422,http
413.0292998161167,422,http
391.085600014776,422,http
377.0697999279946,422,http
381.9736000150442,422,http
411.4260000642389,422,http
388.42849992215633,422,http
387.85080006346107,422,http
391.41050004400313,422,http
390.6670000869781,422,http
375.98760006949306,422,http
387.16879999265075,422,http
385.9667999204248,422,http
402.6678998488933,422,http
384.2951999977231,422,http
385.8226998709142,422,http
411.799400113523,422,http
391.07430004514754,422,http
365.6163001433015,422,http
381.2756999395788,422,http
403.91930006444454,422,http
387.35800003632903,422,http
382.5832000002265,422,http
384.3941001687199,422,http
378.43969999812543,422,http
378.7473998963833,422,http
389.4742000848055,422,http
384.1357999481261,422,http
402.5677000172436,422,http
392.3302001785487,422,http
386.83529989793897,422,http
415.53130000829697,422,http
392.2906999941915,422,http
380.3319002036005,422,http
363.96349989809096,422,http
414.48809998109937,422,http
385.26250002905726,422,http
384.49659990146756,422,http
386.4537999033928,422,http
384.1829998418689,422,http
388.1887001916766,422,http
389.06960003077984,422,http
385.26430004276335,422,http
412.2834000736475,422,http
392.58710015565157,422,http
385.5526000261307,422,http
417.35200001858175,422,http
386.8885999545455,422,http
383.77719977870584,422,http
365.5058001168072,422,http
418.5951999388635,422,http
390.06080012768507,422,http
386.5127000026405,422,http
383.3210999146104,422,http
385.53830003365874,422,http
382.22779985517263,422,http
386.5978999529034,422,http
388.0106001161039,422,http
411.1387999728322,422,http
382.5813999865204,422,http
383.44929995946586,422,http
409.0814001392573,422,http
386.25910016708076,422,http
372.0254001673311,422,http
374.86189999617636,422,http
429.1520998813212,422,http
385.7670999132097,422,http
386.5424001123756,422,http
381.94180000573397,422,http
384.60810016840696,422,http
381.4999000169337,422,http
387.7375000156462,422,http
365.7933999784291,422,http
398.2067999895662,422,http
384.4397999346256,422,http
389.47349996306,422,http
410.00159992836416,422,http
389.1350000631064,422,http
383.78380006179214,422,http
374.6774001047015,422,http
402.2408998571336,422,http
387.1790999546647,422,http
388.0018999334425,422,http
370.056499959901,422,http
380.6091998703778,422,http
385.19259984605014,422,http
388.7662999331951,422,http
378.28649999573827,422,http
397.8520000819117,422,http
387.5514999963343,422,http
387.5259000342339,422,http
396.7919999267906,422,http
390.7957999035716,422,http
382.0656999014318,422,http
363.86309983208776,422,http
407.92480017989874,422,http
387.60010013356805,422,http
386.1214998178184,422,http
373.8718000240624,422,http
388.079300057143,422,http
391.07470004819334,422,http
391.23720000497997,422,http
386.13579981029034,422,http
385.60050004161894,422,http
392.19929999671876,422,http
390.06039989180863,422,http
397.8911000303924,422,http
391.93199994042516,422,http
362.5680999830365,422,http
401.37430001050234,422,http
389.90999991074204,422,http
387.62860000133514,422,http
383.6918999440968,422,http
383.35539982654154,422,http
383.1869999412447,422,http
397.02749997377396,422,http
386.22660003602505,422,http
387.1829998679459,422,http
383.1321999896318,422,http
385.71179984137416,422,http
385.2631999179721,422,http
392.5562999211252,422,http
394.41410009749234,422,http
383.4126000292599,422,http
379.58519998937845,422,http
392.75890006683767,422,http
387.3608000576496,422,http
380.4315000306815,422,http
383.4617000538856,422,http
389.3633000552654,422,http
385.44219988398254,422,http
385.64409990794957,422,http
389.0547000337392,422,http
382.43940006941557,422,http
385.28869999572635,422,http
387.1311000548303,422,http
391.44550007767975,422,http
398.3255000784993,422,http
378.56330000795424,422,http
386.0755998175591,422,http
393.38969998061657,422,http
384.71750007010996,422,http
386.6944999899715,422,http
385.7712000608444,422,http
387.64630001969635,422,http
383.09410004876554,422,http
387.1790000703186,422,http
391.93749986588955,422,http
381.0781999491155,422,http
385.2117001079023,422,http
385.6709999963641,422,http
384.2271000612527,422,http
401.35869989171624,422,http
378.89440008439124,422,http
391.75950014032423,422,http
389.0130000654608,422,http
384.2346998862922,422,http
387.88359984755516,422,http
378.29780019819736,422,http
385.3054998908192,422,http
385.2869998663664,422,http
391.4377000182867,422,http
385.28520008549094,422,http
384.91309992969036,422,http
389.9194998666644,422,http
385.865299962461,422,http
385.2894001174718,422,http
406.13469993695617,422,http
377.2059001494199,422,http
391.6987001430243,422,http
388.47059989348054,422,http
386.4298998378217,422,http
387.48489995487034,422,http
382.1076999884099,422,http
385.9933998901397,422,http
387.1635999530554,422,http
391.6418000590056,422,http
383.3613998722285,422,http
373.60809999518096,422,http
386.7756000254303,422,http
381.27609994262457,422,http
384.4141000881791,422,http
408.20579999126494,422,http
381.75000017508864,422,http
392.82800001092255,422,http
388.39470013044775,422,http
385.0581001024693,422,http
384.13470005616546,422,http
381.9475001655519,422,http
385.5045000091195,422,http
390.95180016011,422,http
393.68300000205636,422,http
387.46929983608425,422,http
380.3732998203486,422,http
389.7531998809427,422,http
386.3082998432219,422,http
385.7009999919683,422,http
403.1746999826282,422,http
377.18690000474453,422,http
388.23619997128844,422,http
395.8732997998595,422,http
389.67239996418357,422,http
381.0177999548614,422,http
379.4491000007838,422,http
385.21910016424954,422,http
386.3218000624329,422,http
389.1396000981331,422,http
383.561700116843,422,http
386.214500060305,422,http
362.5119000207633,422,http
407.99199999310076,422,http
378.5707999486476,422,http
403.52359996177256,422,http
375.47149998135865,422,http
391.74719993025064,422,http
395.4284000210464,422,http
384.23810014501214,422,http
383.46280017867684,422,http
386.48299989290535,422,http
385.7384999282658,422,http
388.83930002339184,422,http
391.43169997259974,422,http
386.49080018512905,422,http
386.7245998699218,422,http
374.55060007050633,422,http
385.6414998881519,422,http
383.01629992201924,422,http
404.25439993850887,422,http
371.8970001209527,422,http
415.0517999660224,422,http
396.6080001555383,422,http
384.7739000339061,422,http
381.1385000590235,422,http
388.3283999748528,422,http
385.78310003504157,422,http
390.78260003589094,422,http
388.5588999837637,422,http
388.822500128299,422,http
382.2246000636369,422,http
384.89270000718534,422,http
383.1436999607831,422,http
380.5364000145346,422,http
398.06540007703006,422,http
382.6846000738442,422,http
389.352299971506,422,http
391.7670000810176,422,http
381.89400010742247,422,http
382.2081999387592,422,http
387.60609994642437,422,http
383.90929996967316,422,http
386.51490001939237,422,http
388.27180000953376,422,http
389.12570010870695,422,http
383.61150003038347,422,http
385.83269994705915,422,http
374.53010003082454,422,http
393.8851000275463,422,http
400.7119000889361,422,http
379.9308999441564,422,http
392.15580001473427,422,http
391.7219000868499,422,http
383.89379996806383,422,http
382.80649995431304,422,http
388.67829996161163,422,http
383.57799989171326,422,http
386.0460000578314,422,http
389.1652000602335,422,http
390.02829999662936,422,http
383.6257001385093,422,http
387.4594001099467,422,http
388.36329989135265,422,http
383.474700152874,422,http
401.45680005662143,422,http
378.3355001360178,422,http
393.62969994544983,422,http
393.5066999401897,422,http
385.72819996625185,422,http
379.83210012316704,422,http
387.7872999291867,422,http
382.8541000839323,422,http
